[
  {
    "line": 1,
    "elements": [
      {
        "line": 7,
        "name": "Manage subtask button visible",
        "description": "",
        "id": "create-subtask;manage-subtask-button-visible",
        "after": [
          {
            "result": {
              "duration": 714137453,
              "status": "passed"
            },
            "match": {
              "location": "CreateTaskStepDef.afterTest()"
            }
          }
        ],
        "type": "scenario",
        "keyword": "Scenario",
        "steps": [
          {
            "result": {
              "duration": 16839433750,
              "status": "passed"
            },
            "line": 8,
            "name": "user is on MyTaskPage",
            "match": {
              "location": "SubTasksStepDef.user_is_on_MyTaskPage()"
            },
            "keyword": "Given "
          },
          {
            "result": {
              "duration": 450753541,
              "status": "passed"
            },
            "line": 9,
            "name": "user should see the Manage SubTasks button",
            "match": {
              "location": "SubTasksStepDef.user_should_see_the_Manage_SubTasks_button()"
            },
            "keyword": "Then "
          }
        ]
      },
      {
        "line": 11,
        "name": "Number of subtasks",
        "description": "",
        "id": "create-subtask;number-of-subtasks",
        "after": [
          {
            "result": {
              "duration": 732833370,
              "status": "passed"
            },
            "match": {
              "location": "CreateTaskStepDef.afterTest()"
            }
          }
        ],
        "type": "scenario",
        "keyword": "Scenario",
        "steps": [
          {
            "result": {
              "duration": 15711589698,
              "status": "passed"
            },
            "line": 12,
            "name": "user is on MyTaskPage",
            "match": {
              "location": "SubTasksStepDef.user_is_on_MyTaskPage()"
            },
            "keyword": "Given "
          },
          {
            "result": {
              "duration": 364532041,
              "status": "passed"
            },
            "line": 13,
            "name": "user should see the number of subtasks",
            "match": {
              "location": "SubTasksStepDef.user_should_see_the_number_of_subtasks()"
            },
            "keyword": "Then "
          }
        ]
      },
      {
        "line": 15,
        "name": "Validate Modal Dialog",
        "description": "",
        "id": "create-subtask;validate-modal-dialog",
        "after": [
          {
            "result": {
              "duration": 731496875,
              "status": "passed"
            },
            "match": {
              "location": "CreateTaskStepDef.afterTest()"
            }
          }
        ],
        "type": "scenario",
        "keyword": "Scenario",
        "steps": [
          {
            "result": {
              "duration": 17193925684,
              "status": "passed"
            },
            "line": 16,
            "name": "user is on MyTaskPage",
            "match": {
              "location": "SubTasksStepDef.user_is_on_MyTaskPage()"
            },
            "keyword": "Given "
          },
          {
            "result": {
              "duration": 516431816,
              "status": "passed"
            },
            "line": 17,
            "name": "user clicks Manage Subtasks",
            "match": {
              "location": "SubTasksStepDef.user_clicks_Manage_Subtasks()"
            },
            "keyword": "When "
          },
          {
            "result": {
              "duration": 47090210,
              "status": "passed"
            },
            "line": 18,
            "name": "modal dialog should open",
            "match": {
              "location": "SubTasksStepDef.modal_dialog_should_open()"
            },
            "keyword": "Then "
          }
        ]
      },
      {
        "line": 20,
        "name": "Task ID and description are read only",
        "description": "",
        "id": "create-subtask;task-id-and-description-are-read-only",
        "after": [
          {
            "result": {
              "duration": 727031883,
              "status": "passed"
            },
            "match": {
              "location": "CreateTaskStepDef.afterTest()"
            }
          }
        ],
        "type": "scenario",
        "keyword": "Scenario",
        "steps": [
          {
            "result": {
              "duration": 16218206592,
              "status": "passed"
            },
            "line": 21,
            "name": "user is on SubTask Page",
            "match": {
              "location": "SubTasksStepDef.user_is_on_SubTask_Page()"
            },
            "keyword": "Given "
          },
          {
            "result": {
              "duration": 95059038,
              "error_message": "java.lang.AssertionError: Values should be different. Actual: \r\n\tat org.junit.Assert.fail(Assert.java:88)\r\n\tat org.junit.Assert.failEquals(Assert.java:185)\r\n\tat org.junit.Assert.assertNotEquals(Assert.java:161)\r\n\tat org.junit.Assert.assertNotEquals(Assert.java:175)\r\n\tat com.qatest.MyTasks.tests.SubTasksStepDef.user_should_see_task_ID_and_description_as_read_only(SubTasksStepDef.java:72)\r\n\tat ✽.Then user should see task ID and description as read only(SubTask.feature:22)\r\n",
              "status": "failed"
            },
            "line": 22,
            "name": "user should see task ID and description as read only",
            "match": {
              "location": "SubTasksStepDef.user_should_see_task_ID_and_description_as_read_only()"
            },
            "keyword": "Then "
          }
        ]
      },
      {
        "line": 24,
        "name": "validating description length",
        "description": "",
        "id": "create-subtask;validating-description-length",
        "after": [
          {
            "result": {
              "duration": 713677206,
              "status": "passed"
            },
            "match": {
              "location": "CreateTaskStepDef.afterTest()"
            }
          }
        ],
        "type": "scenario",
        "keyword": "Scenario",
        "steps": [
          {
            "result": {
              "duration": 17366679598,
              "status": "passed"
            },
            "line": 25,
            "name": "user is on SubTask Page",
            "match": {
              "location": "SubTasksStepDef.user_is_on_SubTask_Page()"
            },
            "keyword": "Given "
          },
          {
            "result": {
              "duration": 32777113,
              "error_message": "org.junit.ComparisonFailure: expected:\u003c25[0]\u003e but was:\u003c25[4]\u003e\r\n\tat org.junit.Assert.assertEquals(Assert.java:115)\r\n\tat org.junit.Assert.assertEquals(Assert.java:144)\r\n\tat com.qatest.MyTasks.tests.SubTasksStepDef.description_equals_characters(SubTasksStepDef.java:82)\r\n\tat ✽.Then description equals 250 characters(SubTask.feature:26)\r\n",
              "status": "failed"
            },
            "line": 26,
            "name": "description equals 250 characters",
            "match": {
              "arguments": [
                {
                  "val": "250",
                  "offset": 19
                }
              ],
              "location": "SubTasksStepDef.description_equals_characters(int)"
            },
            "keyword": "Then "
          }
        ]
      },
      {
        "line": 28,
        "name": "vaildating date format",
        "description": "",
        "id": "create-subtask;vaildating-date-format",
        "after": [
          {
            "result": {
              "duration": 730546750,
              "status": "passed"
            },
            "match": {
              "location": "CreateTaskStepDef.afterTest()"
            }
          }
        ],
        "type": "scenario",
        "keyword": "Scenario",
        "steps": [
          {
            "result": {
              "duration": 17358701715,
              "status": "passed"
            },
            "line": 29,
            "name": "user is on SubTask Page",
            "match": {
              "location": "SubTasksStepDef.user_is_on_SubTask_Page()"
            },
            "keyword": "Given "
          },
          {
            "result": {
              "duration": 29536418,
              "status": "passed"
            },
            "line": 30,
            "name": "date format is MM/dd/yyyy",
            "match": {
              "location": "SubTasksStepDef.date_format_is_MM_dd_yyyy()"
            },
            "keyword": "Then "
          }
        ]
      },
      {
        "line": 32,
        "name": "Description and due date are mandatory",
        "description": "",
        "id": "create-subtask;description-and-due-date-are-mandatory",
        "after": [
          {
            "result": {
              "duration": 708165695,
              "status": "passed"
            },
            "match": {
              "location": "CreateTaskStepDef.afterTest()"
            }
          }
        ],
        "type": "scenario",
        "keyword": "Scenario",
        "steps": [
          {
            "result": {
              "duration": 16327331814,
              "status": "passed"
            },
            "line": 33,
            "name": "user is on SubTask Page",
            "match": {
              "location": "SubTasksStepDef.user_is_on_SubTask_Page()"
            },
            "keyword": "Given "
          },
          {
            "result": {
              "duration": 100206301,
              "status": "passed"
            },
            "line": 34,
            "name": "user leaves description and due date empty",
            "match": {
              "location": "SubTasksStepDef.user_leaves_description_and_due_date_empty()"
            },
            "keyword": "When "
          },
          {
            "result": {
              "duration": 20178622956,
              "status": "passed"
            },
            "line": 35,
            "name": "clicks add button",
            "match": {
              "location": "SubTasksStepDef.clicks_add_button()"
            },
            "keyword": "And "
          },
          {
            "result": {
              "duration": 182124,
              "error_message": "java.lang.AssertionError\r\n\tat org.junit.Assert.fail(Assert.java:86)\r\n\tat org.junit.Assert.assertTrue(Assert.java:41)\r\n\tat org.junit.Assert.assertTrue(Assert.java:52)\r\n\tat com.qatest.MyTasks.tests.SubTasksStepDef.new_Subtask_not_added(SubTasksStepDef.java:108)\r\n\tat ✽.Then new Subtask not added(SubTask.feature:36)\r\n",
              "status": "failed"
            },
            "line": 36,
            "name": "new Subtask not added",
            "match": {
              "location": "SubTasksStepDef.new_Subtask_not_added()"
            },
            "keyword": "Then "
          }
        ]
      },
      {
        "line": 38,
        "name": "new subtask added to existing list",
        "description": "",
        "id": "create-subtask;new-subtask-added-to-existing-list",
        "after": [
          {
            "result": {
              "duration": 726394253,
              "status": "passed"
            },
            "match": {
              "location": "CreateTaskStepDef.afterTest()"
            }
          }
        ],
        "type": "scenario",
        "keyword": "Scenario",
        "steps": [
          {
            "result": {
              "duration": 18696847168,
              "status": "passed"
            },
            "line": 39,
            "name": "user is on SubTask Page",
            "match": {
              "location": "SubTasksStepDef.user_is_on_SubTask_Page()"
            },
            "keyword": "Given "
          },
          {
            "result": {
              "duration": 20189824545,
              "status": "passed"
            },
            "line": 40,
            "name": "clicks add button",
            "match": {
              "location": "SubTasksStepDef.clicks_add_button()"
            },
            "keyword": "When "
          },
          {
            "result": {
              "duration": 43852,
              "status": "passed"
            },
            "line": 41,
            "name": "new Subtask is added",
            "match": {
              "location": "SubTasksStepDef.new_Subtask_is_added()"
            },
            "keyword": "Then "
          }
        ]
      }
    ],
    "name": "Create SubTask",
    "description": "\r\nIn order to breakdown my tasks into smaller pieces\r\nAs a ToDo App user\r\nI need to create subtasks",
    "id": "create-subtask",
    "keyword": "Feature",
    "uri": "SubTask.feature"
  },
  {
    "line": 1,
    "elements": [
      {
        "line": 7,
        "name": "navigate to MyTasks page",
        "description": "",
        "id": "create-task;navigate-to-mytasks-page",
        "after": [
          {
            "result": {
              "duration": 709214585,
              "status": "passed"
            },
            "match": {
              "location": "CreateTaskStepDef.afterTest()"
            }
          }
        ],
        "type": "scenario",
        "keyword": "Scenario",
        "steps": [
          {
            "result": {
              "duration": 9404029949,
              "status": "passed"
            },
            "line": 8,
            "name": "user is on home page",
            "match": {
              "location": "CreateTaskStepDef.user_is_on_home_page()"
            },
            "keyword": "Given "
          },
          {
            "result": {
              "duration": 54891896,
              "status": "passed"
            },
            "line": 9,
            "name": "sees MyTasks Link",
            "match": {
              "location": "CreateTaskStepDef.sees_MyTasks_Link()"
            },
            "keyword": "And "
          },
          {
            "result": {
              "duration": 3187989087,
              "status": "passed"
            },
            "line": 10,
            "name": "user clicks MyTasks link",
            "match": {
              "location": "CreateTaskStepDef.user_clicks_MyTasks_link()"
            },
            "keyword": "When "
          },
          {
            "result": {
              "duration": 2345168075,
              "status": "passed"
            },
            "line": 11,
            "name": "navigates to MyTasks page",
            "match": {
              "location": "CreateTaskStepDef.navigates_to_MyTasks_page()"
            },
            "keyword": "Then "
          }
        ]
      },
      {
        "line": 13,
        "name": "Validating displayed message",
        "description": "",
        "id": "create-task;validating-displayed-message",
        "after": [
          {
            "result": {
              "duration": 706481941,
              "status": "passed"
            },
            "match": {
              "location": "CreateTaskStepDef.afterTest()"
            }
          }
        ],
        "type": "scenario",
        "keyword": "Scenario",
        "steps": [
          {
            "result": {
              "duration": 16088431872,
              "status": "passed"
            },
            "line": 14,
            "name": "user is on MyTasks page",
            "match": {
              "location": "CreateTaskStepDef.user_is_on_MyTasks_page()"
            },
            "keyword": "Given "
          },
          {
            "result": {
              "duration": 44917764,
              "status": "passed"
            },
            "line": 15,
            "name": "user checks Message",
            "match": {
              "location": "CreateTaskStepDef.user_checks_Message()"
            },
            "keyword": "When "
          },
          {
            "result": {
              "duration": 301432,
              "error_message": "junit.framework.ComparisonFailure: expected:\u003c[Hey ([^\"]*), this is your todo list for today:]\u003e but was:\u003c[Vivek Elankumaran\u0027s ToDo List]\u003e\r\n\tat junit.framework.Assert.assertEquals(Assert.java:100)\r\n\tat junit.framework.Assert.assertEquals(Assert.java:107)\r\n\tat com.qatest.MyTasks.tests.CreateTaskStepDef.proper_message_should_be_displayed(CreateTaskStepDef.java:77)\r\n\tat ✽.Then proper message should be displayed(Task1.feature:16)\r\n",
              "status": "failed"
            },
            "line": 16,
            "name": "proper message should be displayed",
            "match": {
              "location": "CreateTaskStepDef.proper_message_should_be_displayed()"
            },
            "keyword": "Then "
          }
        ]
      },
      {
        "line": 18,
        "name": "Adding a new task",
        "description": "",
        "id": "create-task;adding-a-new-task",
        "after": [
          {
            "result": {
              "duration": 715994640,
              "status": "passed"
            },
            "match": {
              "location": "CreateTaskStepDef.afterTest()"
            }
          }
        ],
        "type": "scenario",
        "keyword": "Scenario",
        "steps": [
          {
            "result": {
              "duration": 15235157914,
              "status": "passed"
            },
            "line": 19,
            "name": "user is on MyTasks page",
            "match": {
              "location": "CreateTaskStepDef.user_is_on_MyTasks_page()"
            },
            "keyword": "Given "
          },
          {
            "result": {
              "duration": 658164273,
              "status": "passed"
            },
            "line": 20,
            "name": "user clicks add button",
            "match": {
              "location": "CreateTaskStepDef.user_clicks_add_button()"
            },
            "keyword": "When "
          },
          {
            "result": {
              "duration": 145648313,
              "status": "passed"
            },
            "line": 21,
            "name": "user hits enter key",
            "match": {
              "location": "CreateTaskStepDef.user_hits_enter_key()"
            },
            "keyword": "And "
          },
          {
            "result": {
              "duration": 26469,
              "status": "passed"
            },
            "line": 22,
            "name": "task is added",
            "match": {
              "location": "CreateTaskStepDef.task_is_added()"
            },
            "keyword": "Then "
          }
        ]
      },
      {
        "line": 24,
        "name": "Validating minimum characters",
        "description": "",
        "id": "create-task;validating-minimum-characters",
        "after": [
          {
            "result": {
              "duration": 720552471,
              "status": "passed"
            },
            "match": {
              "location": "CreateTaskStepDef.afterTest()"
            }
          }
        ],
        "type": "scenario",
        "keyword": "Scenario",
        "steps": [
          {
            "result": {
              "duration": 16761067268,
              "status": "passed"
            },
            "line": 25,
            "name": "user is on MyTasks page",
            "match": {
              "location": "CreateTaskStepDef.user_is_on_MyTasks_page()"
            },
            "keyword": "Given "
          },
          {
            "result": {
              "duration": 436734369,
              "status": "passed"
            },
            "line": 26,
            "name": "user enters at least 3 characters",
            "match": {
              "arguments": [
                {
                  "val": "3",
                  "offset": 21
                }
              ],
              "location": "CreateTaskStepDef.user_enters_at_least_characters(int)"
            },
            "keyword": "When "
          },
          {
            "result": {
              "duration": 32730495,
              "status": "passed"
            },
            "line": 28,
            "name": "task is added",
            "match": {
              "location": "CreateTaskStepDef.task_is_added()"
            },
            "keyword": "Then "
          }
        ]
      },
      {
        "line": 30,
        "name": "Validating maximum characters",
        "description": "",
        "id": "create-task;validating-maximum-characters",
        "after": [
          {
            "result": {
              "duration": 781691482,
              "status": "passed"
            },
            "match": {
              "location": "CreateTaskStepDef.afterTest()"
            }
          }
        ],
        "type": "scenario",
        "keyword": "Scenario",
        "steps": [
          {
            "result": {
              "duration": 15983090949,
              "status": "passed"
            },
            "line": 31,
            "name": "user is on MyTasks page",
            "match": {
              "location": "CreateTaskStepDef.user_is_on_MyTasks_page()"
            },
            "keyword": "Given "
          },
          {
            "result": {
              "duration": 1091358887,
              "status": "passed"
            },
            "line": 32,
            "name": "user types more than 250 characters",
            "match": {
              "arguments": [
                {
                  "val": "250",
                  "offset": 21
                }
              ],
              "location": "CreateTaskStepDef.user_types_more_than_characters(int)"
            },
            "keyword": "When "
          },
          {
            "result": {
              "duration": 196741,
              "error_message": "junit.framework.AssertionFailedError\r\n\tat junit.framework.Assert.fail(Assert.java:55)\r\n\tat junit.framework.Assert.assertTrue(Assert.java:22)\r\n\tat junit.framework.Assert.assertTrue(Assert.java:31)\r\n\tat com.qatest.MyTasks.tests.CreateTaskStepDef.task_not_added(CreateTaskStepDef.java:128)\r\n\tat ✽.Then task not added(Task1.feature:33)\r\n",
              "status": "failed"
            },
            "line": 33,
            "name": "task not added",
            "match": {
              "location": "CreateTaskStepDef.task_not_added()"
            },
            "keyword": "Then "
          }
        ]
      },
      {
        "line": 35,
        "name": "Appending new task",
        "description": "",
        "id": "create-task;appending-new-task",
        "after": [
          {
            "result": {
              "duration": 718617456,
              "status": "passed"
            },
            "match": {
              "location": "CreateTaskStepDef.afterTest()"
            }
          }
        ],
        "type": "scenario",
        "keyword": "Scenario",
        "steps": [
          {
            "result": {
              "duration": 16317931708,
              "status": "passed"
            },
            "line": 36,
            "name": "user has entered the task",
            "match": {
              "location": "CreateTaskStepDef.user_has_entered_the_task()"
            },
            "keyword": "Given "
          },
          {
            "result": {
              "duration": 33976,
              "status": "passed"
            },
            "line": 37,
            "name": "new task should be added to existing list",
            "match": {
              "location": "CreateTaskStepDef.new_task_should_be_added_to_existing_list()"
            },
            "keyword": "Then "
          }
        ]
      }
    ],
    "name": "Create Task",
    "description": "\r\nIn order to manage my tasks\r\nAs a ToDo App user\r\nI need to create a task",
    "id": "create-task",
    "keyword": "Feature",
    "uri": "Task1.feature"
  }
]